prob_thr,strategy,model,base_sensitivity,best_q_thr,val_sensitivity,val_specificity,val_FP_reduction_pct,sensitivity,specificity,FP_reduction_pct,TP,FP,FN,TN,AUROC,Brier
0.0,Baseline,-,1.0,-,1.0,0.0,0.0,1.0,0.0,0.0,835,5234,0,0,-,-
0.0,Single,LR,1.0,0.59,0.8046,0.708,70.8,0.8527,0.7205,72.05,712,1463,123,3771,0.8642,0.1505
0.0,Single,MLP,1.0,0.57,0.8005,0.696,69.6,0.7605,0.7749,77.49,635,1178,200,4056,0.8572,0.1208
0.0,Single,XGB,1.0,0.88,0.8059,0.7244,72.44,0.8467,0.7316,73.16,707,1405,128,3829,0.8745,0.0847
0.01,Baseline,-,0.9933,-,0.9933,0.1865,0.0,0.994,0.1897,0.0,830,4241,5,993,-,-
0.01,Single,LR,0.9933,0.63,0.8086,0.7096,64.3,0.8515,0.7228,65.79,711,1451,124,3783,0.8412,0.1622
0.01,Single,MLP,0.9933,0.54,0.8032,0.6875,61.58,0.9234,0.5911,49.54,771,2140,64,3094,0.8348,0.244
0.01,Single,XGB,0.9933,0.88,0.8005,0.7254,66.25,0.8455,0.7331,67.06,706,1397,129,3837,0.852,0.1
0.02,Baseline,-,0.9853,-,0.9853,0.3258,0.0,0.9856,0.3384,0.0,823,3463,12,1771,-,-
0.02,Single,LR,0.9853,0.66,0.8032,0.7096,56.93,0.8491,0.7249,58.42,709,1440,126,3794,0.814,0.1738
0.02,Single,MLP,0.9853,0.68,0.8046,0.6893,53.91,0.915,0.5877,37.68,764,2158,71,3076,0.8035,0.2091
0.02,Single,XGB,0.9853,0.88,0.8032,0.7252,59.24,0.8491,0.7354,60.01,709,1385,126,3849,0.8269,0.1165
0.03,Baseline,-,0.9705,-,0.9705,0.4154,0.0,0.9784,0.4188,0.0,817,3042,18,2192,-,-
0.03,Single,LR,0.9705,0.68,0.8005,0.7086,50.15,0.8479,0.7239,52.5,708,1445,127,3789,0.7968,0.1799
0.03,Single,MLP,0.9705,0.74,0.8032,0.6719,43.87,0.8084,0.74,55.26,675,1361,160,3873,0.7794,0.1562
0.03,Single,XGB,0.9705,0.89,0.8179,0.7066,49.81,0.8587,0.7146,50.89,717,1494,118,3740,0.806,0.1287
0.04,Baseline,-,0.9491,-,0.9491,0.4804,0.0,0.9701,0.479,0.0,810,2727,25,2507,-,-
0.04,Single,LR,0.9491,0.7,0.8032,0.7043,43.08,0.8515,0.7188,46.02,711,1472,124,3762,0.7821,0.1854
0.04,Single,MLP,0.9491,0.85,0.8153,0.7096,44.11,0.9533,0.5424,12.17,796,2395,39,2839,0.7727,0.2388
0.04,Single,XGB,0.9491,0.89,0.8193,0.707,43.61,0.8587,0.7132,44.96,717,1501,118,3733,0.7905,0.1385
0.05,Baseline,-,0.9317,-,0.9317,0.5277,0.0,0.9593,0.5338,0.0,801,2440,34,2794,-,-
0.05,Single,LR,0.9317,0.71,0.8005,0.706,37.77,0.8527,0.7193,39.8,712,1469,123,3765,0.7681,0.1913
0.05,Single,MLP,0.9317,0.71,0.8019,0.6881,33.96,0.903,0.6227,19.06,754,1975,81,3259,0.7484,0.2275
0.05,Single,XGB,0.9317,0.89,0.8153,0.7035,37.22,0.8575,0.7157,39.02,716,1488,119,3746,0.7772,0.1484
0.06,Baseline,-,0.905,-,0.905,0.5691,0.0,0.9377,0.5709,0.0,783,2246,52,2988,-,-
0.06,Single,LR,0.905,0.73,0.8112,0.6968,29.62,0.8575,0.7107,32.59,716,1514,119,3720,0.7668,0.1926
0.06,Single,MLP,0.905,0.65,0.8072,0.6997,30.31,0.7018,0.8112,56.01,586,988,249,4246,0.7365,0.1766
0.06,Single,XGB,0.905,0.88,0.8019,0.7254,36.27,0.8383,0.734,38.02,700,1392,135,3842,0.7697,0.1543
0.07,Baseline,-,0.8942,-,0.8942,0.6051,0.0,0.915,0.6047,0.0,764,2069,71,3165,-,-
0.07,Single,LR,0.8942,0.74,0.8086,0.7021,24.56,0.8479,0.7153,27.98,708,1490,127,3744,0.7639,0.1943
0.07,Single,MLP,0.8942,0.82,0.8019,0.6908,21.71,0.903,0.6347,7.59,754,1912,81,3322,0.746,0.2217
0.07,Single,XGB,0.8942,0.89,0.8086,0.7068,25.76,0.8527,0.7144,27.74,712,1495,123,3739,0.7666,0.1596
0.08,Baseline,-,0.8782,-,0.8782,0.6318,0.0,0.9006,0.6326,0.0,752,1923,83,3311,-,-
0.08,Single,LR,0.8782,0.75,0.8059,0.7108,21.46,0.8467,0.7197,23.71,707,1467,128,3767,0.7571,0.1974
0.08,Single,MLP,0.8782,0.78,0.8019,0.7177,23.34,0.8683,0.6861,14.56,725,1643,110,3591,0.7266,0.2076
0.08,Single,XGB,0.8782,0.89,0.8126,0.7108,21.46,0.8503,0.7188,23.45,710,1472,125,3762,0.7636,0.1638
0.09,Baseline,-,0.8648,-,0.8648,0.6576,0.0,0.8922,0.6616,0.0,745,1771,90,3463,-,-
0.09,Single,LR,0.8648,0.77,0.8086,0.7082,14.77,0.8503,0.7182,16.71,710,1475,125,3759,0.746,0.2013
0.09,Single,MLP,0.8648,0.87,0.8032,0.7254,19.79,0.8551,0.7037,12.42,714,1551,121,3683,0.7343,0.1988
0.09,Single,XGB,0.8648,0.89,0.8072,0.7153,16.85,0.8503,0.7182,16.71,710,1475,125,3759,0.7495,0.1724
0.1,Baseline,-,0.8447,-,0.8447,0.681,0.0,0.8802,0.6872,0.0,735,1637,100,3597,-,-
0.1,Single,LR,0.8447,0.78,0.8019,0.7181,11.64,0.8455,0.7279,13.01,706,1424,129,3810,0.7388,0.2036
0.1,Single,MLP,0.8447,0.87,0.8059,0.7266,14.3,0.8611,0.7077,6.54,719,1530,116,3704,0.6985,0.1939
0.1,Single,XGB,0.8447,0.9,0.8086,0.7155,10.84,0.8539,0.7239,11.73,713,1445,122,3789,0.7465,0.1773
0.11,Baseline,-,0.822,-,0.822,0.7019,0.0,0.8599,0.7094,0.0,718,1521,117,3713,-,-
0.11,Single,LR,0.822,0.84,0.8032,0.7151,4.44,0.8455,0.7232,4.73,706,1449,129,3785,0.7333,0.2068
0.11,Single,MLP,0.822,0.86,0.8019,0.7252,7.82,0.8515,0.7209,3.94,711,1461,124,3773,0.7177,0.2227
0.11,Single,XGB,0.822,0.9,0.8032,0.7195,5.9,0.8455,0.7298,7.03,706,1414,129,3820,0.7455,0.1807
0.12,Baseline,-,0.8019,-,0.8019,0.7218,0.0,0.8407,0.7318,0.0,702,1404,133,3830,-,-
0.12,Single,LR,0.8019,0.98,0.8005,0.723,0.43,0.8359,0.7331,0.5,698,1397,137,3837,0.726,0.2103
0.12,Single,MLP,0.8019,0.91,0.8019,0.7274,1.99,0.8395,0.7321,0.14,701,1402,134,3832,0.7168,0.3379
0.12,Single,XGB,0.8019,0.95,0.8019,0.7218,0.0,0.8407,0.7321,0.14,702,1402,133,3832,0.7401,0.1862
0.13,Baseline,-,0.7845,-,0.7845,0.7402,0.0,0.8251,0.7505,0.0,689,1306,146,3928,-,-
0.14,Baseline,-,0.7751,-,0.7751,0.76,0.0,0.812,0.7682,0.0,678,1213,157,4021,-,-
0.15,Baseline,-,0.751,-,0.751,0.7764,0.0,0.7976,0.7845,0.0,666,1128,169,4106,-,-
0.16,Baseline,-,0.7323,-,0.7323,0.7928,0.0,0.7677,0.8023,0.0,641,1035,194,4199,-,-
0.17,Baseline,-,0.7175,-,0.7175,0.808,0.0,0.7497,0.8164,0.0,626,961,209,4273,-,-
0.18,Baseline,-,0.6934,-,0.6934,0.8214,0.0,0.7341,0.8286,0.0,613,897,222,4337,-,-
0.19,Baseline,-,0.6774,-,0.6774,0.8329,0.0,0.709,0.842,0.0,592,827,243,4407,-,-
0.2,Baseline,-,0.6586,-,0.6586,0.8465,0.0,0.6898,0.8529,0.0,576,770,259,4464,-,-
0.21,Baseline,-,0.6345,-,0.6345,0.8554,0.0,0.6707,0.8619,0.0,560,723,275,4511,-,-
0.22,Baseline,-,0.6131,-,0.6131,0.8617,0.0,0.6527,0.8741,0.0,545,659,290,4575,-,-
0.23,Baseline,-,0.5971,-,0.5971,0.872,0.0,0.6335,0.8814,0.0,529,621,306,4613,-,-
0.24,Baseline,-,0.5863,-,0.5863,0.8791,0.0,0.6048,0.8884,0.0,505,584,330,4650,-,-
0.25,Baseline,-,0.5609,-,0.5609,0.8878,0.0,0.5868,0.8966,0.0,490,541,345,4693,-,-
0.26,Baseline,-,0.5395,-,0.5395,0.8945,0.0,0.576,0.9033,0.0,481,506,354,4728,-,-
0.27,Baseline,-,0.5248,-,0.5248,0.9012,0.0,0.5605,0.9108,0.0,468,467,367,4767,-,-
0.28,Baseline,-,0.5047,-,0.5047,0.9073,0.0,0.5389,0.9169,0.0,450,435,385,4799,-,-
0.29,Baseline,-,0.4913,-,0.4913,0.9137,0.0,0.5222,0.923,0.0,436,403,399,4831,-,-
0.3,Baseline,-,0.4752,-,0.4752,0.9188,0.0,0.5102,0.9287,0.0,426,373,409,4861,-,-
0.31,Baseline,-,0.4632,-,0.4632,0.9234,0.0,0.4898,0.9341,0.0,409,345,426,4889,-,-
0.32,Baseline,-,0.4471,-,0.4471,0.9293,0.0,0.4743,0.9373,0.0,396,328,439,4906,-,-
0.33,Baseline,-,0.419,-,0.419,0.9328,0.0,0.4599,0.9412,0.0,384,308,451,4926,-,-
0.34,Baseline,-,0.4083,-,0.4083,0.937,0.0,0.4419,0.945,0.0,369,288,466,4946,-,-
0.35,Baseline,-,0.3989,-,0.3989,0.9397,0.0,0.4299,0.9492,0.0,359,266,476,4968,-,-
0.36,Baseline,-,0.3842,-,0.3842,0.9435,0.0,0.4096,0.9543,0.0,342,239,493,4995,-,-
0.37,Baseline,-,0.3748,-,0.3748,0.948,0.0,0.3964,0.9582,0.0,331,219,504,5015,-,-
0.38,Baseline,-,0.3641,-,0.3641,0.9512,0.0,0.3749,0.9606,0.0,313,206,522,5028,-,-
0.39,Baseline,-,0.3494,-,0.3494,0.9534,0.0,0.3653,0.9627,0.0,305,195,530,5039,-,-
0.4,Baseline,-,0.3373,-,0.3373,0.9569,0.0,0.3569,0.9654,0.0,298,181,537,5053,-,-
0.41,Baseline,-,0.3333,-,0.3333,0.9603,0.0,0.3401,0.9687,0.0,284,164,551,5070,-,-
0.42,Baseline,-,0.3213,-,0.3213,0.9627,0.0,0.3246,0.9704,0.0,271,155,564,5079,-,-
0.43,Baseline,-,0.3066,-,0.3066,0.9642,0.0,0.3102,0.9723,0.0,259,145,576,5089,-,-
0.44,Baseline,-,0.2985,-,0.2985,0.9676,0.0,0.303,0.9742,0.0,253,135,582,5099,-,-
0.45,Baseline,-,0.2905,-,0.2905,0.9696,0.0,0.2934,0.9761,0.0,245,125,590,5109,-,-
0.46,Baseline,-,0.2758,-,0.2758,0.9721,0.0,0.2814,0.9771,0.0,235,120,600,5114,-,-
0.47,Baseline,-,0.2637,-,0.2637,0.9743,0.0,0.2683,0.9782,0.0,224,114,611,5120,-,-
0.48,Baseline,-,0.2557,-,0.2557,0.9763,0.0,0.2539,0.979,0.0,212,110,623,5124,-,-
0.49,Baseline,-,0.2423,-,0.2423,0.9783,0.0,0.2431,0.9803,0.0,203,103,632,5131,-,-
0.5,Baseline,-,0.2356,-,0.2356,0.9789,0.0,0.2395,0.9811,0.0,200,99,635,5135,-,-
0.51,Baseline,-,0.2249,-,0.2249,0.9797,0.0,0.2263,0.9826,0.0,189,91,646,5143,-,-
0.52,Baseline,-,0.2155,-,0.2155,0.9818,0.0,0.2192,0.9836,0.0,183,86,652,5148,-,-
0.53,Baseline,-,0.2048,-,0.2048,0.9832,0.0,0.2072,0.9845,0.0,173,81,662,5153,-,-
0.54,Baseline,-,0.1941,-,0.1941,0.9836,0.0,0.2012,0.9862,0.0,168,72,667,5162,-,-
0.55,Baseline,-,0.1874,-,0.1874,0.9846,0.0,0.1904,0.9874,0.0,159,66,676,5168,-,-
0.56,Baseline,-,0.1754,-,0.1754,0.9858,0.0,0.182,0.9876,0.0,152,65,683,5169,-,-
0.57,Baseline,-,0.1673,-,0.1673,0.9862,0.0,0.1689,0.9883,0.0,141,61,694,5173,-,-
0.58,Baseline,-,0.1593,-,0.1593,0.9876,0.0,0.1629,0.9891,0.0,136,57,699,5177,-,-
0.59,Baseline,-,0.1553,-,0.1553,0.9887,0.0,0.1581,0.9903,0.0,132,51,703,5183,-,-
0.6,Baseline,-,0.1513,-,0.1513,0.9897,0.0,0.1485,0.9908,0.0,124,48,711,5186,-,-
0.61,Baseline,-,0.1446,-,0.1446,0.9901,0.0,0.1377,0.991,0.0,115,47,720,5187,-,-
0.62,Baseline,-,0.1406,-,0.1406,0.9911,0.0,0.1353,0.9914,0.0,113,45,722,5189,-,-
0.63,Baseline,-,0.1299,-,0.1299,0.9919,0.0,0.1269,0.9924,0.0,106,40,729,5194,-,-
0.64,Baseline,-,0.1205,-,0.1205,0.9927,0.0,0.1234,0.9925,0.0,103,39,732,5195,-,-
0.65,Baseline,-,0.1138,-,0.1138,0.9929,0.0,0.1198,0.9927,0.0,100,38,735,5196,-,-
0.66,Baseline,-,0.1098,-,0.1098,0.9939,0.0,0.1162,0.9931,0.0,97,36,738,5198,-,-
0.67,Baseline,-,0.1084,-,0.1084,0.9945,0.0,0.109,0.9939,0.0,91,32,744,5202,-,-
0.68,Baseline,-,0.0991,-,0.0991,0.9951,0.0,0.103,0.9943,0.0,86,30,749,5204,-,-
0.69,Baseline,-,0.0964,-,0.0964,0.9953,0.0,0.0982,0.995,0.0,82,26,753,5208,-,-
0.7,Baseline,-,0.0897,-,0.0897,0.9953,0.0,0.091,0.9954,0.0,76,24,759,5210,-,-
0.71,Baseline,-,0.0843,-,0.0843,0.9955,0.0,0.0862,0.996,0.0,72,21,763,5213,-,-
0.72,Baseline,-,0.079,-,0.079,0.9957,0.0,0.0826,0.996,0.0,69,21,766,5213,-,-
0.73,Baseline,-,0.0763,-,0.0763,0.9959,0.0,0.0743,0.9962,0.0,62,20,773,5214,-,-
0.74,Baseline,-,0.0629,-,0.0629,0.9962,0.0,0.0683,0.9962,0.0,57,20,778,5214,-,-
0.75,Baseline,-,0.0629,-,0.0629,0.9962,0.0,0.0647,0.9962,0.0,54,20,781,5214,-,-
0.76,Baseline,-,0.0629,-,0.0629,0.9962,0.0,0.0599,0.9966,0.0,50,18,785,5216,-,-
0.77,Baseline,-,0.0535,-,0.0535,0.9966,0.0,0.0575,0.9971,0.0,48,15,787,5219,-,-
0.78,Baseline,-,0.0482,-,0.0482,0.9974,0.0,0.0527,0.9977,0.0,44,12,791,5222,-,-
0.79,Baseline,-,0.0469,-,0.0469,0.9976,0.0,0.0479,0.9983,0.0,40,9,795,5225,-,-
0.8,Baseline,-,0.0455,-,0.0455,0.998,0.0,0.0443,0.9987,0.0,37,7,798,5227,-,-
0.81,Baseline,-,0.0402,-,0.0402,0.9982,0.0,0.0431,0.9987,0.0,36,7,799,5227,-,-
0.82,Baseline,-,0.0402,-,0.0402,0.9984,0.0,0.0419,0.9987,0.0,35,7,800,5227,-,-
0.83,Baseline,-,0.0388,-,0.0388,0.9984,0.0,0.0383,0.9987,0.0,32,7,803,5227,-,-
0.84,Baseline,-,0.0375,-,0.0375,0.9984,0.0,0.0371,0.9987,0.0,31,7,804,5227,-,-
0.85,Baseline,-,0.0348,-,0.0348,0.9984,0.0,0.0347,0.9987,0.0,29,7,806,5227,-,-
0.86,Baseline,-,0.0308,-,0.0308,0.999,0.0,0.0299,0.999,0.0,25,5,810,5229,-,-
0.87,Baseline,-,0.0268,-,0.0268,0.9992,0.0,0.024,0.999,0.0,20,5,815,5229,-,-
0.88,Baseline,-,0.0241,-,0.0241,0.9992,0.0,0.0228,0.9992,0.0,19,4,816,5230,-,-
0.89,Baseline,-,0.0241,-,0.0241,0.9992,0.0,0.0168,0.9992,0.0,14,4,821,5230,-,-
0.9,Baseline,-,0.0214,-,0.0214,0.9992,0.0,0.0132,0.9992,0.0,11,4,824,5230,-,-
0.91,Baseline,-,0.0201,-,0.0201,0.9992,0.0,0.012,0.9992,0.0,10,4,825,5230,-,-
0.92,Baseline,-,0.0161,-,0.0161,0.9992,0.0,0.0108,0.9992,0.0,9,4,826,5230,-,-
0.93,Baseline,-,0.012,-,0.012,0.9992,0.0,0.0108,0.9992,0.0,9,4,826,5230,-,-
0.94,Baseline,-,0.0107,-,0.0107,0.9992,0.0,0.0108,0.9992,0.0,9,4,826,5230,-,-
0.95,Baseline,-,0.0107,-,0.0107,0.9994,0.0,0.0096,0.9992,0.0,8,4,827,5230,-,-
0.96,Baseline,-,0.008,-,0.008,0.9996,0.0,0.0072,0.9992,0.0,6,4,829,5230,-,-
0.97,Baseline,-,0.0067,-,0.0067,0.9996,0.0,0.006,0.9992,0.0,5,4,830,5230,-,-
0.98,Baseline,-,0.004,-,0.004,0.9996,0.0,0.0048,0.9994,0.0,4,3,831,5231,-,-
0.99,Baseline,-,0.0027,-,0.0027,0.9996,0.0,0.0012,0.9994,0.0,1,3,834,5231,-,-
1.0,Baseline,-,0.0,-,0.0,0.9996,0.0,0.0,0.9996,0.0,0,2,835,5232,-,-
