feature,importance_gain
entropy,410.35321044921875
prob_icu24h_isotonic,72.76097869873047
prob_icu24h,49.23707962036133
biometrics_bmi_m,17.441913604736328
vitals_resprate_median,14.8409423828125
variance,14.050454139709473
biometrics_height_m,13.909626007080078
labvalues_hematocrit_mean_m,11.066181182861328
labvalues_urea_nitrogen_min,11.044266700744629
labvalues_bands_mean,9.8524169921875
vitals_sbp_last,9.71304988861084
labvalues_chloride_max,9.712821006774902
labvalues_lactate_min,9.641033172607422
labvalues_albumin_mean_m,9.527746200561523
biometrics_height,9.480790138244629
vitals_sbp_mean,9.473823547363281
vitals_resprate_last,9.39744758605957
labvalues_chloride_min,9.200105667114258
labvalues_oxygen_saturation_mean,9.041747093200684
labvalues_absolute_eosinophil_count_rate_change_m,8.7936372756958
labvalues_hemoglobin_min,8.723648071289062
labvalues_sodium_mean,8.70414924621582
labvalues_troponin_t_mean,8.687897682189941
labvalues_hematocrit_max,8.649091720581055
labvalues_sodium_min,8.621988296508789
labvalues_glucose_rate_change,8.277423858642578
labvalues_red_blood_cells_std,8.259191513061523
labvalues_creatinine_max,8.206799507141113
labvalues_platelet_count_max,8.081522941589355
labvalues_potassium_mean_m,8.000569343566895
labvalues_albumin_min,7.997415542602539
labvalues_eosinophils_rate_change_m,7.992025375366211
"labvalues_bilirubin,_direct_mean",7.899388313293457
vitals_resprate_std,7.891000747680664
vitals_sbp_max,7.658206939697266
labvalues_basophils_rate_change_m,7.613746643066406
labvalues_oxygen_saturation_max,7.51179838180542
labvalues_lactate_mean,7.480466842651367
vitals_dbp_first,7.402364730834961
vitals_o2sat_last,7.358641624450684
labvalues_glucose_mean_m,7.257450103759766
labvalues_absolute_eosinophil_count_mean,7.1363348960876465
labvalues_lymphocytes_min,6.98337459564209
labvalues_potassium_max,6.964792728424072
vitals_temperature_first,6.952951431274414
labvalues_alkaline_phosphatase_mean,6.9425764083862305
labvalues_eosinophils_max,6.921360015869141
labvalues_pco2_mean,6.871313095092773
labvalues_absolute_basophil_count_mean,6.832576751708984
vitals_heartrate_coeff,6.774929046630859
vitals_o2sat_mean,6.767773151397705
labvalues_glucose_min,6.761458873748779
labvalues_absolute_lymphocyte_count_mean,6.740392684936523
vitals_o2sat_coeff,6.6783976554870605
labvalues_lactate_coeff,6.668601989746094
labvalues_pt_mean,6.663629055023193
vitals_sbp_median,6.66314697265625
demographics_age,6.654283046722412
labvalues_oxygen_saturation_mean_m,6.625786781311035
labvalues_chloride_mean,6.57532262802124
labvalues_hemoglobin_std,6.565640449523926
labvalues_potassium_mean,6.529669761657715
vitals_sbp_first,6.512312412261963
vitals_heartrate_last,6.468898773193359
vitals_heartrate_first,6.440545558929443
labvalues_creatinine_mean,6.426676273345947
labvalues_pco2_last,6.424394607543945
labvalues_bicarbonate_mean_m,6.414061546325684
vitals_o2sat_median,6.371591091156006
vitals_resprate_mean,6.307870864868164
labvalues_asparate_aminotransferase_(ast)_mean,6.296058654785156
labvalues_absolute_eosinophil_count_max,6.245615482330322
vitals_o2sat_max,6.237643718719482
labvalues_creatine_kinase_(ck)_mean,6.217287063598633
labvalues_base_excess_mean,6.178175926208496
labvalues_rdw_min,6.171846389770508
labvalues_white_blood_cells_mean,6.1338210105896
vitals_dbp_std,6.121862411499023
biometrics_weight,6.106698513031006
vitals_sbp_min,6.084348201751709
vitals_dbp_max,6.025323867797852
labvalues_urea_nitrogen_mean,6.014631748199463
vitals_dbp_median,6.008491039276123
labvalues_creatinine_min,5.978478908538818
vitals_sbp_std,5.966683864593506
vitals_resprate_coeff,5.952907085418701
"labvalues_calcium,_total_mean",5.921433925628662
vitals_heartrate_min,5.864015102386475
labvalues_phosphate_mean,5.838934898376465
vitals_dbp_coeff,5.778494834899902
labvalues_inr(pt)_mean,5.7741570472717285
labvalues_glucose_max,5.764755725860596
vitals_temperature_coeff,5.749334812164307
labvalues_red_blood_cells_max,5.720737457275391
vitals_temperature_std,5.693133354187012
labvalues_absolute_basophil_count_mean_m,5.668718338012695
vitals_resprate_first,5.620120048522949
labvalues_magnesium_mean,5.60568904876709
vitals_heartrate_std,5.571969985961914
labvalues_glucose_mean,5.558786392211914
vitals_acuity,5.558466911315918
labvalues_potassium_min,5.5153703689575195
labvalues_base_excess_min,5.469573497772217
labvalues_albumin_mean,5.418313503265381
labvalues_platelet_count_last,5.4099321365356445
"labvalues_fibrinogen,_functional_mean",5.392869472503662
labvalues_hemoglobin_mean,5.375138282775879
labvalues_lactate_last,5.318708419799805
vitals_o2sat_first,5.308801651000977
vitals_heartrate_mean,5.263897895812988
vitals_resprate_rate_change,5.2477216720581055
vitals_temperature_mean,5.215129375457764
labvalues_neutrophils_mean,5.182883262634277
vitals_temperature_rate_change,5.177490234375
"labvalues_bilirubin,_total_mean",5.144914150238037
vitals_heartrate_median,5.134521961212158
labvalues_ptt_mean,5.099157333374023
labvalues_lactate_first,5.049315929412842
labvalues_lymphocytes_mean,5.014413833618164
labvalues_creatine_kinase_(ck)_mean_m,5.014357566833496
labvalues_creatinine_mean_m,5.002628326416016
labvalues_white_blood_cells_max,4.973802089691162
vitals_dbp_mean,4.963322639465332
labvalues_absolute_eosinophil_count_min,4.950109004974365
labvalues_c-reactive_protein_mean_m,4.94364070892334
demographics_gender,4.926174640655518
labvalues_red_blood_cells_mean,4.903974533081055
labvalues_hematocrit_mean,4.84778356552124
labvalues_platelet_count_mean,4.84226655960083
labvalues_lactate_max,4.839925289154053
labvalues_bicarbonate_mean,4.823622226715088
labvalues_pco2_max,4.787278175354004
labvalues_hemoglobin_max,4.752426624298096
labvalues_inr(pt)_mean_m,4.6994829177856445
labvalues_phosphate_min,4.686838150024414
labvalues_eosinophils_mean,4.674048900604248
vitals_o2sat_rate_change,4.665421009063721
labvalues_base_excess_first,4.591310977935791
vitals_acuity_m,4.55851936340332
vitals_temperature_last,4.555111885070801
labvalues_eosinophils_min,4.496542453765869
vitals_heartrate_max,4.4687604904174805
labvalues_lactate_std,4.382177829742432
vitals_sbp_coeff,4.378403663635254
labvalues_hemoglobin_coeff,4.325275897979736
vitals_dbp_min,4.2730231285095215
vitals_resprate_max,4.243542671203613
labvalues_glucose_last,4.239498138427734
biometrics_bmi,4.2266716957092285
labvalues_bicarbonate_max,4.200222969055176
labvalues_neutrophils_min,4.185989856719971
labvalues_ph_mean,4.114606857299805
labvalues_potassium_last,4.063204765319824
labvalues_white_blood_cells_min,4.052881240844727
labvalues_rdw_mean,4.048067569732666
vitals_resprate_min,4.013637542724609
labvalues_alanine_aminotransferase_(alt)_mean,4.008056163787842
vitals_sbp_rate_change,4.006163120269775
labvalues_c-reactive_protein_mean,4.005539894104004
vitals_temperature_min,3.9986093044281006
labvalues_carboxyhemoglobin_mean,3.9959793090820312
labvalues_free_calcium_max,3.9553794860839844
labvalues_basophils_mean,3.9441492557525635
vitals_dbp_last,3.8673160076141357
vitals_temperature_max,3.6916725635528564
vitals_heartrate_rate_change,3.631206512451172
labvalues_oxygen_saturation_first,3.4560539722442627
vitals_o2sat_min,3.4127323627471924
labvalues_absolute_basophil_count_last,3.4007976055145264
labvalues_platelet_count_first,3.332681655883789
demographics_ethnicity,3.230658769607544
vitals_o2sat_std,3.031240463256836
biometrics_weight_m,2.893463611602783
labvalues_platelet_count_min,2.8425605297088623
labvalues_pco2_min,2.646383762359619
labvalues_rdw_max,2.5740039348602295
vitals_temperature_mean_m,2.387421131134033
labvalues_free_calcium_mean,1.8163414001464844
labvalues_chloride_mean_m,0.9832925796508789
vitals_dbp_rate_change,0.8529145121574402
vitals_temperature_median,0.0
labvalues_ph_mean_m,0.0
labvalues_ph_median_m,0.0
labvalues_ph_min_m,0.0
labvalues_ph_max_m,0.0
labvalues_ph_std_m,0.0
labvalues_carboxyhemoglobin_first,0.0
std_dev,0.0
labvalues_pco2_coeff_m,0.0
labvalues_pco2_rate_change_m,0.0
labvalues_pco2_last_m,0.0
labvalues_pco2_first_m,0.0
labvalues_pco2_std_m,0.0
labvalues_pco2_max_m,0.0
labvalues_pco2_min_m,0.0
labvalues_pco2_median_m,0.0
labvalues_pco2_mean_m,0.0
labvalues_white_blood_cells_coeff_m,0.0
labvalues_white_blood_cells_rate_change_m,0.0
labvalues_white_blood_cells_last_m,0.0
labvalues_white_blood_cells_first_m,0.0
labvalues_ph_last_m,0.0
labvalues_carboxyhemoglobin_last,0.0
labvalues_c-reactive_protein_rate_change,0.0
labvalues_c-reactive_protein_last,0.0
labvalues_c-reactive_protein_first,0.0
labvalues_c-reactive_protein_std,0.0
labvalues_c-reactive_protein_max,0.0
labvalues_c-reactive_protein_min,0.0
labvalues_c-reactive_protein_median,0.0
"labvalues_bilirubin,_total_coeff",0.0
"labvalues_bilirubin,_total_rate_change",0.0
"labvalues_bilirubin,_total_last",0.0
"labvalues_bilirubin,_total_first",0.0
"labvalues_bilirubin,_total_std",0.0
"labvalues_bilirubin,_total_max",0.0
"labvalues_bilirubin,_total_min",0.0
"labvalues_bilirubin,_total_median",0.0
labvalues_creatine_kinase_(ck)_coeff,0.0
labvalues_creatine_kinase_(ck)_rate_change,0.0
labvalues_creatine_kinase_(ck)_last,0.0
labvalues_creatine_kinase_(ck)_first,0.0
labvalues_creatine_kinase_(ck)_std,0.0
labvalues_creatine_kinase_(ck)_max,0.0
labvalues_creatine_kinase_(ck)_min,0.0
labvalues_creatine_kinase_(ck)_median,0.0
labvalues_chloride_coeff,0.0
labvalues_chloride_rate_change,0.0
labvalues_chloride_last,0.0
labvalues_chloride_first,0.0
labvalues_chloride_std,0.0
labvalues_chloride_median,0.0
labvalues_carboxyhemoglobin_coeff,0.0
labvalues_carboxyhemoglobin_rate_change,0.0
labvalues_eosinophils_median,0.0
labvalues_creatinine_coeff,0.0
labvalues_creatinine_rate_change,0.0
labvalues_creatinine_last,0.0
labvalues_creatinine_first,0.0
labvalues_creatinine_std,0.0
labvalues_creatinine_median,0.0
"labvalues_creatine_kinase,_mb_isoenzyme_coeff",0.0
"labvalues_creatine_kinase,_mb_isoenzyme_rate_change",0.0
"labvalues_creatine_kinase,_mb_isoenzyme_last",0.0
"labvalues_creatine_kinase,_mb_isoenzyme_first",0.0
"labvalues_creatine_kinase,_mb_isoenzyme_std",0.0
"labvalues_creatine_kinase,_mb_isoenzyme_max",0.0
"labvalues_creatine_kinase,_mb_isoenzyme_min",0.0
"labvalues_creatine_kinase,_mb_isoenzyme_median",0.0
"labvalues_creatine_kinase,_mb_isoenzyme_mean",0.0
labvalues_free_calcium_min,0.0
labvalues_free_calcium_median,0.0
"labvalues_fibrinogen,_functional_coeff",0.0
"labvalues_fibrinogen,_functional_rate_change",0.0
"labvalues_fibrinogen,_functional_last",0.0
"labvalues_fibrinogen,_functional_first",0.0
"labvalues_fibrinogen,_functional_std",0.0
"labvalues_fibrinogen,_functional_max",0.0
"labvalues_fibrinogen,_functional_min",0.0
"labvalues_fibrinogen,_functional_median",0.0
labvalues_eosinophils_coeff,0.0
labvalues_eosinophils_rate_change,0.0
labvalues_eosinophils_last,0.0
labvalues_eosinophils_first,0.0
labvalues_eosinophils_std,0.0
"labvalues_bilirubin,_direct_coeff",0.0
"labvalues_bilirubin,_direct_rate_change",0.0
"labvalues_bilirubin,_direct_last",0.0
"labvalues_bilirubin,_direct_first",0.0
"labvalues_bilirubin,_direct_std",0.0
"labvalues_bilirubin,_direct_max",0.0
"labvalues_bilirubin,_direct_min",0.0
"labvalues_bilirubin,_direct_median",0.0
labvalues_bicarbonate_coeff,0.0
labvalues_bicarbonate_rate_change,0.0
labvalues_bicarbonate_last,0.0
labvalues_bicarbonate_first,0.0
labvalues_bicarbonate_std,0.0
labvalues_free_calcium_last,0.0
labvalues_free_calcium_first,0.0
labvalues_free_calcium_std,0.0
labvalues_hemoglobin_last,0.0
labvalues_hemoglobin_first,0.0
labvalues_hemoglobin_median,0.0
labvalues_hematocrit_coeff,0.0
labvalues_hematocrit_rate_change,0.0
labvalues_hematocrit_last,0.0
labvalues_hematocrit_first,0.0
labvalues_hematocrit_std,0.0
labvalues_hematocrit_min,0.0
labvalues_hematocrit_median,0.0
labvalues_glucose_coeff,0.0
labvalues_glucose_first,0.0
labvalues_glucose_std,0.0
labvalues_glucose_median,0.0
labvalues_free_calcium_coeff,0.0
labvalues_free_calcium_rate_change,0.0
labvalues_bicarbonate_min,0.0
labvalues_bicarbonate_median,0.0
labvalues_basophils_coeff,0.0
labvalues_basophils_rate_change,0.0
labvalues_basophils_last,0.0
labvalues_basophils_first,0.0
labvalues_basophils_std,0.0
labvalues_basophils_max,0.0
labvalues_basophils_min,0.0
labvalues_basophils_median,0.0
labvalues_base_excess_coeff,0.0
labvalues_base_excess_rate_change,0.0
labvalues_base_excess_last,0.0
labvalues_inr(pt)_min,0.0
labvalues_inr(pt)_median,0.0
labvalues_hemoglobin_rate_change,0.0
labvalues_magnesium_median,0.0
labvalues_lymphocytes_coeff,0.0
labvalues_lymphocytes_rate_change,0.0
labvalues_lymphocytes_last,0.0
labvalues_lymphocytes_first,0.0
labvalues_lymphocytes_std,0.0
labvalues_lymphocytes_max,0.0
labvalues_lymphocytes_median,0.0
labvalues_lactate_rate_change,0.0
labvalues_lactate_median,0.0
labvalues_inr(pt)_coeff,0.0
labvalues_inr(pt)_rate_change,0.0
labvalues_inr(pt)_last,0.0
labvalues_inr(pt)_first,0.0
labvalues_inr(pt)_std,0.0
labvalues_inr(pt)_max,0.0
labvalues_bands_coeff,0.0
labvalues_bands_rate_change,0.0
labvalues_bands_last,0.0
labvalues_bands_first,0.0
labvalues_bands_std,0.0
labvalues_bands_max,0.0
labvalues_bands_min,0.0
labvalues_bands_median,0.0
labvalues_asparate_aminotransferase_(ast)_coeff,0.0
labvalues_asparate_aminotransferase_(ast)_rate_change,0.0
labvalues_magnesium_rate_change,0.0
labvalues_magnesium_last,0.0
labvalues_magnesium_first,0.0
labvalues_magnesium_std,0.0
labvalues_magnesium_max,0.0
labvalues_magnesium_min,0.0
labvalues_oxygen_saturation_rate_change,0.0
labvalues_oxygen_saturation_last,0.0
labvalues_oxygen_saturation_std,0.0
labvalues_oxygen_saturation_min,0.0
labvalues_oxygen_saturation_median,0.0
labvalues_neutrophils_coeff,0.0
labvalues_neutrophils_rate_change,0.0
labvalues_neutrophils_last,0.0
labvalues_neutrophils_first,0.0
labvalues_neutrophils_std,0.0
labvalues_neutrophils_max,0.0
labvalues_neutrophils_median,0.0
labvalues_magnesium_coeff,0.0
labvalues_base_excess_std,0.0
labvalues_base_excess_max,0.0
labvalues_base_excess_median,0.0
labvalues_ptt_rate_change,0.0
labvalues_ptt_last,0.0
labvalues_ptt_first,0.0
labvalues_ptt_std,0.0
labvalues_ptt_max,0.0
labvalues_ptt_min,0.0
labvalues_ptt_median,0.0
labvalues_pt_coeff,0.0
labvalues_pt_rate_change,0.0
labvalues_pt_last,0.0
labvalues_pt_first,0.0
labvalues_pt_std,0.0
labvalues_pt_max,0.0
labvalues_pt_min,0.0
labvalues_pt_median,0.0
labvalues_oxygen_saturation_coeff,0.0
labvalues_potassium_rate_change,0.0
labvalues_potassium_first,0.0
labvalues_potassium_std,0.0
labvalues_potassium_median,0.0
labvalues_platelet_count_coeff,0.0
labvalues_platelet_count_rate_change,0.0
labvalues_platelet_count_std,0.0
labvalues_platelet_count_median,0.0
labvalues_phosphate_coeff,0.0
labvalues_phosphate_rate_change,0.0
labvalues_phosphate_last,0.0
labvalues_phosphate_first,0.0
labvalues_phosphate_std,0.0
labvalues_phosphate_max,0.0
labvalues_phosphate_median,0.0
labvalues_ptt_coeff,0.0
labvalues_rdw_median,0.0
labvalues_asparate_aminotransferase_(ast)_last,0.0
labvalues_asparate_aminotransferase_(ast)_first,0.0
labvalues_asparate_aminotransferase_(ast)_std,0.0
labvalues_asparate_aminotransferase_(ast)_max,0.0
labvalues_asparate_aminotransferase_(ast)_min,0.0
labvalues_asparate_aminotransferase_(ast)_median,0.0
labvalues_alkaline_phosphatase_coeff,0.0
labvalues_alkaline_phosphatase_rate_change,0.0
labvalues_alkaline_phosphatase_last,0.0
labvalues_alkaline_phosphatase_first,0.0
labvalues_alkaline_phosphatase_std,0.0
labvalues_alkaline_phosphatase_max,0.0
labvalues_alkaline_phosphatase_min,0.0
labvalues_alkaline_phosphatase_median,0.0
labvalues_potassium_coeff,0.0
labvalues_sodium_last,0.0
labvalues_sodium_first,0.0
labvalues_sodium_std,0.0
labvalues_sodium_max,0.0
labvalues_sodium_median,0.0
labvalues_red_blood_cells_coeff,0.0
labvalues_red_blood_cells_rate_change,0.0
labvalues_red_blood_cells_last,0.0
labvalues_red_blood_cells_first,0.0
labvalues_red_blood_cells_min,0.0
labvalues_red_blood_cells_median,0.0
labvalues_rdw_coeff,0.0
labvalues_rdw_rate_change,0.0
labvalues_rdw_last,0.0
labvalues_rdw_first,0.0
labvalues_rdw_std,0.0
labvalues_urea_nitrogen_rate_change,0.0
labvalues_urea_nitrogen_last,0.0
labvalues_urea_nitrogen_first,0.0
labvalues_urea_nitrogen_std,0.0
labvalues_urea_nitrogen_max,0.0
labvalues_urea_nitrogen_median,0.0
labvalues_troponin_t_coeff,0.0
labvalues_troponin_t_rate_change,0.0
labvalues_troponin_t_last,0.0
labvalues_troponin_t_first,0.0
labvalues_troponin_t_std,0.0
labvalues_troponin_t_max,0.0
labvalues_troponin_t_min,0.0
labvalues_troponin_t_median,0.0
labvalues_sodium_coeff,0.0
labvalues_sodium_rate_change,0.0
labvalues_albumin_coeff,0.0
labvalues_albumin_rate_change,0.0
labvalues_albumin_last,0.0
labvalues_albumin_first,0.0
labvalues_albumin_std,0.0
labvalues_albumin_max,0.0
labvalues_albumin_median,0.0
labvalues_alanine_aminotransferase_(alt)_coeff,0.0
labvalues_alanine_aminotransferase_(alt)_rate_change,0.0
labvalues_alanine_aminotransferase_(alt)_last,0.0
labvalues_alanine_aminotransferase_(alt)_first,0.0
labvalues_alanine_aminotransferase_(alt)_std,0.0
labvalues_alanine_aminotransferase_(alt)_max,0.0
labvalues_alanine_aminotransferase_(alt)_min,0.0
labvalues_white_blood_cells_median,0.0
labvalues_urea_nitrogen_coeff,0.0
labvalues_ph_last,0.0
labvalues_ph_first,0.0
labvalues_ph_std,0.0
labvalues_ph_max,0.0
labvalues_ph_min,0.0
labvalues_ph_median,0.0
labvalues_pco2_coeff,0.0
labvalues_pco2_rate_change,0.0
labvalues_pco2_first,0.0
labvalues_pco2_std,0.0
labvalues_pco2_median,0.0
labvalues_white_blood_cells_coeff,0.0
labvalues_white_blood_cells_rate_change,0.0
labvalues_white_blood_cells_last,0.0
labvalues_white_blood_cells_first,0.0
labvalues_white_blood_cells_std,0.0
vitals_heartrate_max_m,0.0
vitals_heartrate_min_m,0.0
vitals_heartrate_median_m,0.0
vitals_heartrate_mean_m,0.0
vitals_temperature_coeff_m,0.0
vitals_temperature_rate_change_m,0.0
vitals_temperature_last_m,0.0
vitals_temperature_first_m,0.0
vitals_temperature_std_m,0.0
vitals_temperature_max_m,0.0
vitals_temperature_min_m,0.0
vitals_temperature_median_m,0.0
demographics_age_m,0.0
demographics_gender_m,0.0
labvalues_ph_coeff,0.0
labvalues_ph_rate_change,0.0
vitals_o2sat_median_m,0.0
vitals_o2sat_mean_m,0.0
vitals_resprate_coeff_m,0.0
vitals_resprate_rate_change_m,0.0
vitals_resprate_last_m,0.0
vitals_resprate_first_m,0.0
vitals_resprate_std_m,0.0
vitals_resprate_max_m,0.0
vitals_resprate_min_m,0.0
vitals_resprate_median_m,0.0
vitals_resprate_mean_m,0.0
vitals_heartrate_coeff_m,0.0
vitals_heartrate_rate_change_m,0.0
vitals_heartrate_last_m,0.0
vitals_heartrate_first_m,0.0
vitals_heartrate_std_m,0.0
vitals_sbp_coeff_m,0.0
vitals_sbp_rate_change_m,0.0
vitals_sbp_last_m,0.0
vitals_sbp_first_m,0.0
vitals_sbp_std_m,0.0
vitals_sbp_max_m,0.0
vitals_sbp_min_m,0.0
vitals_sbp_median_m,0.0
vitals_sbp_mean_m,0.0
vitals_o2sat_coeff_m,0.0
vitals_o2sat_rate_change_m,0.0
vitals_o2sat_last_m,0.0
vitals_o2sat_first_m,0.0
vitals_o2sat_std_m,0.0
vitals_o2sat_max_m,0.0
vitals_o2sat_min_m,0.0
labvalues_absolute_basophil_count_rate_change_m,0.0
labvalues_absolute_basophil_count_last_m,0.0
labvalues_absolute_basophil_count_first_m,0.0
labvalues_absolute_basophil_count_std_m,0.0
labvalues_absolute_basophil_count_max_m,0.0
labvalues_absolute_basophil_count_min_m,0.0
labvalues_absolute_basophil_count_median_m,0.0
vitals_dbp_coeff_m,0.0
vitals_dbp_rate_change_m,0.0
vitals_dbp_last_m,0.0
vitals_dbp_first_m,0.0
vitals_dbp_std_m,0.0
vitals_dbp_max_m,0.0
vitals_dbp_min_m,0.0
vitals_dbp_median_m,0.0
vitals_dbp_mean_m,0.0
labvalues_absolute_lymphocyte_count_last_m,0.0
labvalues_absolute_lymphocyte_count_first_m,0.0
labvalues_absolute_lymphocyte_count_std_m,0.0
labvalues_absolute_lymphocyte_count_max_m,0.0
labvalues_absolute_lymphocyte_count_min_m,0.0
labvalues_absolute_lymphocyte_count_median_m,0.0
labvalues_absolute_lymphocyte_count_mean_m,0.0
labvalues_absolute_eosinophil_count_coeff_m,0.0
labvalues_absolute_eosinophil_count_last_m,0.0
labvalues_absolute_eosinophil_count_first_m,0.0
labvalues_absolute_eosinophil_count_std_m,0.0
labvalues_absolute_eosinophil_count_max_m,0.0
labvalues_absolute_eosinophil_count_min_m,0.0
labvalues_absolute_eosinophil_count_median_m,0.0
labvalues_absolute_eosinophil_count_mean_m,0.0
labvalues_absolute_basophil_count_coeff_m,0.0
labvalues_albumin_first_m,0.0
labvalues_albumin_std_m,0.0
labvalues_albumin_max_m,0.0
labvalues_albumin_min_m,0.0
labvalues_albumin_median_m,0.0
labvalues_alanine_aminotransferase_(alt)_coeff_m,0.0
labvalues_alanine_aminotransferase_(alt)_rate_change_m,0.0
labvalues_alanine_aminotransferase_(alt)_last_m,0.0
labvalues_alanine_aminotransferase_(alt)_first_m,0.0
labvalues_alanine_aminotransferase_(alt)_std_m,0.0
labvalues_alanine_aminotransferase_(alt)_max_m,0.0
labvalues_alanine_aminotransferase_(alt)_min_m,0.0
labvalues_alanine_aminotransferase_(alt)_median_m,0.0
labvalues_alanine_aminotransferase_(alt)_mean_m,0.0
labvalues_absolute_lymphocyte_count_coeff_m,0.0
labvalues_absolute_lymphocyte_count_rate_change_m,0.0
labvalues_asparate_aminotransferase_(ast)_max_m,0.0
labvalues_asparate_aminotransferase_(ast)_min_m,0.0
labvalues_asparate_aminotransferase_(ast)_median_m,0.0
labvalues_asparate_aminotransferase_(ast)_mean_m,0.0
labvalues_alkaline_phosphatase_coeff_m,0.0
labvalues_alkaline_phosphatase_rate_change_m,0.0
labvalues_alkaline_phosphatase_last_m,0.0
labvalues_alkaline_phosphatase_first_m,0.0
labvalues_alkaline_phosphatase_std_m,0.0
labvalues_alkaline_phosphatase_max_m,0.0
labvalues_alkaline_phosphatase_min_m,0.0
labvalues_alkaline_phosphatase_median_m,0.0
labvalues_alkaline_phosphatase_mean_m,0.0
labvalues_albumin_coeff_m,0.0
labvalues_albumin_rate_change_m,0.0
labvalues_albumin_last_m,0.0
labvalues_base_excess_median_m,0.0
labvalues_base_excess_mean_m,0.0
labvalues_bands_coeff_m,0.0
labvalues_bands_rate_change_m,0.0
labvalues_bands_last_m,0.0
labvalues_bands_first_m,0.0
labvalues_bands_std_m,0.0
labvalues_bands_max_m,0.0
labvalues_bands_min_m,0.0
labvalues_bands_median_m,0.0
labvalues_bands_mean_m,0.0
labvalues_asparate_aminotransferase_(ast)_coeff_m,0.0
labvalues_asparate_aminotransferase_(ast)_rate_change_m,0.0
labvalues_asparate_aminotransferase_(ast)_last_m,0.0
labvalues_asparate_aminotransferase_(ast)_first_m,0.0
labvalues_asparate_aminotransferase_(ast)_std_m,0.0
labvalues_alanine_aminotransferase_(alt)_median,0.0
labvalues_absolute_lymphocyte_count_coeff,0.0
labvalues_absolute_lymphocyte_count_rate_change,0.0
labvalues_absolute_lymphocyte_count_last,0.0
labvalues_absolute_lymphocyte_count_first,0.0
labvalues_absolute_lymphocyte_count_std,0.0
labvalues_absolute_lymphocyte_count_max,0.0
labvalues_absolute_lymphocyte_count_min,0.0
labvalues_absolute_lymphocyte_count_median,0.0
labvalues_absolute_eosinophil_count_coeff,0.0
labvalues_absolute_eosinophil_count_rate_change,0.0
labvalues_absolute_eosinophil_count_last,0.0
labvalues_absolute_eosinophil_count_first,0.0
labvalues_absolute_eosinophil_count_std,0.0
labvalues_base_excess_max_m,0.0
labvalues_base_excess_min_m,0.0
labvalues_bicarbonate_max_m,0.0
labvalues_bicarbonate_min_m,0.0
labvalues_bicarbonate_median_m,0.0
labvalues_basophils_coeff_m,0.0
labvalues_basophils_last_m,0.0
labvalues_basophils_first_m,0.0
labvalues_basophils_std_m,0.0
labvalues_basophils_max_m,0.0
labvalues_basophils_min_m,0.0
labvalues_basophils_median_m,0.0
labvalues_basophils_mean_m,0.0
labvalues_base_excess_coeff_m,0.0
labvalues_base_excess_rate_change_m,0.0
labvalues_base_excess_last_m,0.0
labvalues_base_excess_first_m,0.0
labvalues_base_excess_std_m,0.0
"labvalues_bilirubin,_total_median_m",0.0
"labvalues_bilirubin,_total_mean_m",0.0
"labvalues_bilirubin,_direct_coeff_m",0.0
"labvalues_bilirubin,_direct_rate_change_m",0.0
"labvalues_bilirubin,_direct_last_m",0.0
"labvalues_bilirubin,_direct_first_m",0.0
"labvalues_bilirubin,_direct_std_m",0.0
"labvalues_bilirubin,_direct_max_m",0.0
"labvalues_bilirubin,_direct_min_m",0.0
"labvalues_bilirubin,_direct_median_m",0.0
"labvalues_bilirubin,_direct_mean_m",0.0
labvalues_bicarbonate_coeff_m,0.0
labvalues_bicarbonate_rate_change_m,0.0
labvalues_bicarbonate_last_m,0.0
labvalues_bicarbonate_first_m,0.0
labvalues_bicarbonate_std_m,0.0
"labvalues_calcium,_total_mean_m",0.0
labvalues_c-reactive_protein_coeff_m,0.0
labvalues_c-reactive_protein_rate_change_m,0.0
labvalues_c-reactive_protein_last_m,0.0
labvalues_c-reactive_protein_first_m,0.0
labvalues_c-reactive_protein_std_m,0.0
labvalues_c-reactive_protein_max_m,0.0
labvalues_c-reactive_protein_min_m,0.0
labvalues_c-reactive_protein_median_m,0.0
"labvalues_bilirubin,_total_coeff_m",0.0
"labvalues_bilirubin,_total_rate_change_m",0.0
"labvalues_bilirubin,_total_last_m",0.0
"labvalues_bilirubin,_total_first_m",0.0
"labvalues_bilirubin,_total_std_m",0.0
"labvalues_bilirubin,_total_max_m",0.0
"labvalues_bilirubin,_total_min_m",0.0
labvalues_carboxyhemoglobin_rate_change_m,0.0
labvalues_carboxyhemoglobin_last_m,0.0
labvalues_carboxyhemoglobin_first_m,0.0
labvalues_carboxyhemoglobin_std_m,0.0
labvalues_carboxyhemoglobin_max_m,0.0
labvalues_carboxyhemoglobin_min_m,0.0
labvalues_carboxyhemoglobin_median_m,0.0
labvalues_carboxyhemoglobin_mean_m,0.0
"labvalues_calcium,_total_coeff_m",0.0
"labvalues_calcium,_total_rate_change_m",0.0
"labvalues_calcium,_total_last_m",0.0
"labvalues_calcium,_total_first_m",0.0
"labvalues_calcium,_total_std_m",0.0
"labvalues_calcium,_total_max_m",0.0
"labvalues_calcium,_total_min_m",0.0
"labvalues_calcium,_total_median_m",0.0
labvalues_creatine_kinase_(ck)_last_m,0.0
labvalues_creatine_kinase_(ck)_first_m,0.0
labvalues_creatine_kinase_(ck)_std_m,0.0
labvalues_creatine_kinase_(ck)_max_m,0.0
labvalues_creatine_kinase_(ck)_min_m,0.0
labvalues_creatine_kinase_(ck)_median_m,0.0
labvalues_chloride_coeff_m,0.0
labvalues_chloride_rate_change_m,0.0
labvalues_chloride_last_m,0.0
labvalues_chloride_first_m,0.0
labvalues_chloride_std_m,0.0
labvalues_chloride_max_m,0.0
labvalues_chloride_min_m,0.0
labvalues_chloride_median_m,0.0
labvalues_white_blood_cells_max_m,0.0
labvalues_carboxyhemoglobin_coeff_m,0.0
labvalues_creatinine_first_m,0.0
labvalues_creatinine_std_m,0.0
labvalues_creatinine_max_m,0.0
labvalues_creatinine_min_m,0.0
labvalues_creatinine_median_m,0.0
"labvalues_creatine_kinase,_mb_isoenzyme_coeff_m",0.0
"labvalues_creatine_kinase,_mb_isoenzyme_rate_change_m",0.0
"labvalues_creatine_kinase,_mb_isoenzyme_last_m",0.0
"labvalues_creatine_kinase,_mb_isoenzyme_first_m",0.0
"labvalues_creatine_kinase,_mb_isoenzyme_std_m",0.0
"labvalues_creatine_kinase,_mb_isoenzyme_max_m",0.0
"labvalues_creatine_kinase,_mb_isoenzyme_min_m",0.0
"labvalues_creatine_kinase,_mb_isoenzyme_median_m",0.0
"labvalues_creatine_kinase,_mb_isoenzyme_mean_m",0.0
labvalues_creatine_kinase_(ck)_coeff_m,0.0
labvalues_creatine_kinase_(ck)_rate_change_m,0.0
"labvalues_fibrinogen,_functional_std_m",0.0
"labvalues_fibrinogen,_functional_max_m",0.0
"labvalues_fibrinogen,_functional_min_m",0.0
"labvalues_fibrinogen,_functional_median_m",0.0
"labvalues_fibrinogen,_functional_mean_m",0.0
labvalues_eosinophils_coeff_m,0.0
labvalues_eosinophils_last_m,0.0
labvalues_eosinophils_first_m,0.0
labvalues_eosinophils_std_m,0.0
labvalues_eosinophils_max_m,0.0
labvalues_eosinophils_min_m,0.0
labvalues_eosinophils_median_m,0.0
labvalues_eosinophils_mean_m,0.0
labvalues_creatinine_coeff_m,0.0
labvalues_creatinine_rate_change_m,0.0
labvalues_creatinine_last_m,0.0
labvalues_glucose_max_m,0.0
labvalues_glucose_min_m,0.0
labvalues_glucose_median_m,0.0
labvalues_free_calcium_coeff_m,0.0
labvalues_free_calcium_rate_change_m,0.0
labvalues_free_calcium_last_m,0.0
labvalues_free_calcium_first_m,0.0
labvalues_free_calcium_std_m,0.0
labvalues_free_calcium_max_m,0.0
labvalues_free_calcium_min_m,0.0
labvalues_free_calcium_median_m,0.0
labvalues_free_calcium_mean_m,0.0
"labvalues_fibrinogen,_functional_coeff_m",0.0
"labvalues_fibrinogen,_functional_rate_change_m",0.0
"labvalues_fibrinogen,_functional_last_m",0.0
"labvalues_fibrinogen,_functional_first_m",0.0
labvalues_hemoglobin_min_m,0.0
labvalues_hemoglobin_median_m,0.0
labvalues_hemoglobin_mean_m,0.0
labvalues_hematocrit_coeff_m,0.0
labvalues_hematocrit_rate_change_m,0.0
labvalues_hematocrit_last_m,0.0
labvalues_hematocrit_first_m,0.0
labvalues_hematocrit_std_m,0.0
labvalues_hematocrit_max_m,0.0
labvalues_hematocrit_min_m,0.0
labvalues_hematocrit_median_m,0.0
labvalues_glucose_coeff_m,0.0
labvalues_glucose_rate_change_m,0.0
labvalues_glucose_last_m,0.0
labvalues_glucose_first_m,0.0
labvalues_glucose_std_m,0.0
labvalues_lactate_median_m,0.0
labvalues_lactate_mean_m,0.0
labvalues_inr(pt)_coeff_m,0.0
labvalues_inr(pt)_rate_change_m,0.0
labvalues_inr(pt)_last_m,0.0
labvalues_inr(pt)_first_m,0.0
labvalues_inr(pt)_std_m,0.0
labvalues_inr(pt)_max_m,0.0
labvalues_inr(pt)_min_m,0.0
labvalues_inr(pt)_median_m,0.0
labvalues_hemoglobin_coeff_m,0.0
labvalues_hemoglobin_rate_change_m,0.0
labvalues_hemoglobin_last_m,0.0
labvalues_hemoglobin_first_m,0.0
labvalues_hemoglobin_std_m,0.0
labvalues_hemoglobin_max_m,0.0
labvalues_lymphocytes_coeff_m,0.0
labvalues_lymphocytes_rate_change_m,0.0
labvalues_lymphocytes_last_m,0.0
labvalues_lymphocytes_first_m,0.0
labvalues_lymphocytes_std_m,0.0
labvalues_lymphocytes_max_m,0.0
labvalues_lymphocytes_min_m,0.0
labvalues_lymphocytes_median_m,0.0
labvalues_lymphocytes_mean_m,0.0
labvalues_lactate_coeff_m,0.0
labvalues_lactate_rate_change_m,0.0
labvalues_lactate_last_m,0.0
labvalues_lactate_first_m,0.0
labvalues_lactate_std_m,0.0
labvalues_lactate_max_m,0.0
labvalues_lactate_min_m,0.0
labvalues_neutrophils_last_m,0.0
labvalues_neutrophils_first_m,0.0
labvalues_neutrophils_std_m,0.0
labvalues_neutrophils_max_m,0.0
labvalues_neutrophils_min_m,0.0
labvalues_neutrophils_median_m,0.0
labvalues_neutrophils_mean_m,0.0
labvalues_magnesium_coeff_m,0.0
labvalues_magnesium_rate_change_m,0.0
labvalues_magnesium_last_m,0.0
labvalues_magnesium_first_m,0.0
labvalues_magnesium_std_m,0.0
labvalues_magnesium_max_m,0.0
labvalues_magnesium_min_m,0.0
labvalues_magnesium_median_m,0.0
labvalues_magnesium_mean_m,0.0
labvalues_pt_first_m,0.0
labvalues_pt_std_m,0.0
labvalues_pt_max_m,0.0
labvalues_pt_min_m,0.0
labvalues_pt_median_m,0.0
labvalues_pt_mean_m,0.0
labvalues_oxygen_saturation_coeff_m,0.0
labvalues_oxygen_saturation_rate_change_m,0.0
labvalues_oxygen_saturation_last_m,0.0
labvalues_oxygen_saturation_first_m,0.0
labvalues_oxygen_saturation_std_m,0.0
labvalues_oxygen_saturation_max_m,0.0
labvalues_oxygen_saturation_min_m,0.0
labvalues_oxygen_saturation_median_m,0.0
labvalues_neutrophils_coeff_m,0.0
labvalues_neutrophils_rate_change_m,0.0
labvalues_phosphate_max_m,0.0
labvalues_phosphate_min_m,0.0
labvalues_phosphate_median_m,0.0
labvalues_phosphate_mean_m,0.0
labvalues_ptt_coeff_m,0.0
labvalues_ptt_rate_change_m,0.0
labvalues_ptt_last_m,0.0
labvalues_ptt_first_m,0.0
labvalues_ptt_std_m,0.0
labvalues_ptt_max_m,0.0
labvalues_ptt_min_m,0.0
labvalues_ptt_median_m,0.0
labvalues_ptt_mean_m,0.0
labvalues_pt_coeff_m,0.0
labvalues_pt_rate_change_m,0.0
labvalues_pt_last_m,0.0
labvalues_platelet_count_median_m,0.0
labvalues_absolute_eosinophil_count_median,0.0
labvalues_absolute_basophil_count_coeff,0.0
labvalues_absolute_basophil_count_rate_change,0.0
labvalues_absolute_basophil_count_first,0.0
labvalues_absolute_basophil_count_std,0.0
labvalues_absolute_basophil_count_max,0.0
labvalues_absolute_basophil_count_min,0.0
labvalues_absolute_basophil_count_median,0.0
labvalues_ph_coeff_m,0.0
labvalues_platelet_count_mean_m,0.0
labvalues_phosphate_coeff_m,0.0
labvalues_phosphate_rate_change_m,0.0
labvalues_phosphate_last_m,0.0
labvalues_phosphate_first_m,0.0
labvalues_phosphate_std_m,0.0
labvalues_rdw_mean_m,0.0
labvalues_potassium_coeff_m,0.0
labvalues_potassium_rate_change_m,0.0
labvalues_potassium_last_m,0.0
labvalues_potassium_first_m,0.0
labvalues_potassium_std_m,0.0
labvalues_potassium_max_m,0.0
labvalues_potassium_min_m,0.0
labvalues_potassium_median_m,0.0
labvalues_platelet_count_coeff_m,0.0
labvalues_platelet_count_rate_change_m,0.0
labvalues_platelet_count_last_m,0.0
labvalues_platelet_count_first_m,0.0
labvalues_platelet_count_std_m,0.0
labvalues_platelet_count_max_m,0.0
labvalues_platelet_count_min_m,0.0
labvalues_red_blood_cells_rate_change_m,0.0
labvalues_red_blood_cells_last_m,0.0
labvalues_red_blood_cells_first_m,0.0
labvalues_red_blood_cells_std_m,0.0
labvalues_red_blood_cells_max_m,0.0
labvalues_red_blood_cells_min_m,0.0
labvalues_red_blood_cells_median_m,0.0
labvalues_red_blood_cells_mean_m,0.0
labvalues_rdw_coeff_m,0.0
labvalues_rdw_rate_change_m,0.0
labvalues_rdw_last_m,0.0
labvalues_rdw_first_m,0.0
labvalues_rdw_std_m,0.0
labvalues_rdw_max_m,0.0
labvalues_rdw_min_m,0.0
labvalues_rdw_median_m,0.0
labvalues_troponin_t_first_m,0.0
labvalues_troponin_t_std_m,0.0
labvalues_troponin_t_max_m,0.0
labvalues_troponin_t_min_m,0.0
labvalues_troponin_t_median_m,0.0
labvalues_troponin_t_mean_m,0.0
labvalues_sodium_coeff_m,0.0
labvalues_sodium_rate_change_m,0.0
labvalues_sodium_last_m,0.0
labvalues_sodium_first_m,0.0
labvalues_sodium_std_m,0.0
labvalues_sodium_max_m,0.0
labvalues_sodium_min_m,0.0
labvalues_sodium_median_m,0.0
labvalues_sodium_mean_m,0.0
labvalues_red_blood_cells_coeff_m,0.0
labvalues_ph_first_m,0.0
labvalues_carboxyhemoglobin_std,0.0
labvalues_carboxyhemoglobin_max,0.0
labvalues_carboxyhemoglobin_min,0.0
labvalues_carboxyhemoglobin_median,0.0
"labvalues_calcium,_total_coeff",0.0
"labvalues_calcium,_total_rate_change",0.0
"labvalues_calcium,_total_last",0.0
"labvalues_calcium,_total_first",0.0
"labvalues_calcium,_total_std",0.0
"labvalues_calcium,_total_max",0.0
"labvalues_calcium,_total_min",0.0
"labvalues_calcium,_total_median",0.0
labvalues_c-reactive_protein_coeff,0.0
prob_icu24h_platt,0.0
labvalues_troponin_t_last_m,0.0
labvalues_ph_rate_change_m,0.0
labvalues_white_blood_cells_min_m,0.0
labvalues_white_blood_cells_median_m,0.0
labvalues_white_blood_cells_mean_m,0.0
labvalues_urea_nitrogen_coeff_m,0.0
labvalues_urea_nitrogen_rate_change_m,0.0
labvalues_urea_nitrogen_last_m,0.0
labvalues_urea_nitrogen_first_m,0.0
labvalues_urea_nitrogen_std_m,0.0
labvalues_urea_nitrogen_max_m,0.0
labvalues_urea_nitrogen_min_m,0.0
labvalues_urea_nitrogen_median_m,0.0
labvalues_urea_nitrogen_mean_m,0.0
labvalues_troponin_t_coeff_m,0.0
labvalues_troponin_t_rate_change_m,0.0
labvalues_white_blood_cells_std_m,0.0
